frame,timestamp,dev_zscore,grip_spread,dev_alert,grip_alert,combined_alert
427,1788037826.495548,131.3882270508075,0.2982890009880066,True,True,True
428,1788037826.548063,141.45573391339096,0.33420485258102417,True,True,True
429,1788037826.5738077,141.32472483034962,0.331125408411026,True,True,True
430,1788037826.6204786,147.52746383394742,0.36009079217910767,True,True,True
431,1788037826.6588554,133.34052318499675,0.346319317817688,True,True,True
432,1788037826.696014,132.40135086106227,0.35231977701187134,True,True,True
433,1788037826.736278,128.0139550842855,0.33998918533325195,True,True,True
434,1788037826.770884,128.69948869556848,0.3357565402984619,False,True,True
435,1788037826.8210745,121.79179539367802,0.3453649580478668,False,True,True
436,1788037826.863709,119.98673678439197,0.3307952582836151,False,False,False
437,1788037826.9057088,125.61084216859666,0.3421309292316437,False,False,False
438,1788037826.9640238,116.58201400990781,0.3411121666431427,False,False,False
439,1788037827.009329,117.38705790854283,0.33775630593299866,False,False,False
440,1788037827.0427427,116.76904966760054,0.37056174874305725,False,True,True
441,1788037827.0702093,118.55294215953319,0.3592020273208618,False,False,False
442,1788037827.0992653,117.40989231629742,0.381160706281662,False,False,False
443,1788037827.1373637,116.85122779275808,0.3560187816619873,False,False,False
444,1788037827.1708748,120.01529616854941,0.3605004847049713,False,False,False
445,1788037827.2215946,119.03099019092758,0.34997570514678955,False,False,False
446,1788037827.2643547,113.05551586796555,0.3553522229194641,False,False,False
447,1788037827.3037755,121.70352379402838,0.35561543703079224,False,False,False
448,1788037827.3371377,120.76049671518837,0.34500354528427124,False,False,False
449,1788037827.3882532,128.90583729106996,0.34016329050064087,False,False,False
450,1788037827.4371152,124.9504915761449,0.3585208058357239,False,False,False
451,1788037827.4649339,127.21809604618572,0.35633283853530884,False,False,False
452,1788037827.503448,122.64097372953592,0.35817012190818787,False,False,False
453,1788037827.5371087,123.73809476669845,0.3607504069805145,False,False,False
454,1788037827.5729387,132.82892024701582,0.3482193052768707,False,False,False
455,1788037827.620359,126.25690082851854,0.35249000787734985,False,False,False
456,1788037827.6867,126.96258253359717,0.3534630537033081,False,False,False
457,1788037827.7367628,129.32185172662437,0.3537479639053345,False,False,False
458,1788037827.7715387,128.19341037625557,0.3586883842945099,False,False,False
459,1788037827.8226492,127.92432365155987,0.36053329706192017,False,False,False
460,1788037827.8662705,130.35923103239304,0.36961695551872253,False,False,False
461,1788037827.9044921,128.01778899008204,0.36433327198028564,False,False,False
462,1788037827.9535859,132.87809845372178,0.35964229702949524,False,False,False
463,1788037828.00413,147.91881033037276,0.36862537264823914,False,False,False
464,1788037828.0448663,145.12784828542183,0.36776912212371826,False,False,False
465,1788037828.0875945,145.02366874615373,0.3621700406074524,False,False,False
466,1788037828.148976,147.18937147769947,0.36786043643951416,False,False,False
467,1788037828.187737,147.82662890477894,0.367170512676239,False,False,False
468,1788037828.2226846,154.16344960257166,0.37138116359710693,False,False,False
469,1788037828.2734318,149.65466230240554,0.36300575733184814,False,False,False
470,1788037828.3227613,162.08437909881346,0.3595370352268219,False,False,False
471,1788037828.3732839,158.89687149557224,0.36870503425598145,False,False,False
472,1788037828.4242818,165.10515430231735,0.3660116195678711,False,False,False
473,1788037828.4675176,170.559063300241,0.36554574966430664,False,False,False
474,1788037828.509622,171.019529154385,0.3717328906059265,False,False,False
475,1788037828.5676355,174.54231297568327,0.3644754886627197,False,False,False
476,1788037828.611331,177.4915647803219,0.37867727875709534,False,False,False
477,1788037828.6676793,189.92763111932396,0.37366652488708496,False,False,False
478,1788037828.7107399,171.0583837143858,0.3870440125465393,False,False,False
479,1788037828.7453053,178.12310323058028,0.37461596727371216,False,False,False
480,1788037828.7954419,185.85230900855888,0.36991244554519653,False,False,False
481,1788037828.8457398,181.6987214569956,0.3637070059776306,False,False,False
482,1788037828.8981276,182.15536418534882,0.36466163396835327,False,False,False
483,1788037828.9255471,188.99808298154403,0.36662185192108154,False,False,False
484,1788037828.968607,183.86329591513226,0.36863547563552856,False,False,False
485,1788037828.998827,191.1975090117836,0.36269649863243103,False,False,False
486,1788037829.049708,190.6078758702864,0.3687131702899933,False,False,False
487,1788037829.1035364,198.5196255665447,0.3679845929145813,False,False,False
488,1788037829.1329134,192.8585518000948,0.3557344675064087,False,False,False
489,1788037829.179401,208.14300261426402,0.36845675110816956,False,False,False
490,1788037829.2169564,198.94318548539508,0.36340582370758057,False,False,False
491,1788037829.269817,196.7749162876021,0.3612949550151825,False,False,False
492,1788037829.305583,200.40994440019483,0.3686959743499756,False,False,False
493,1788037829.354189,205.70673731769182,0.36465248465538025,False,False,False
494,1788037829.409624,196.36840656994508,0.36648887395858765,False,False,False
495,1788037829.4535358,209.1103922070227,0.355332612991333,False,False,False
496,1788037829.5041366,220.27069753077532,0.35914450883865356,False,False,False
497,1788037829.553381,212.05656359242877,0.35190993547439575,False,False,False
498,1788037829.588217,218.06056463186854,0.35209333896636963,False,False,False
499,1788037829.6388505,229.04162328410246,0.3425305187702179,False,False,False
500,1788037829.672595,230.8406838707622,0.3483351469039917,False,False,False
501,1788037829.7091684,235.15402491512629,0.34831345081329346,False,False,False
502,1788037829.7274961,237.6012708833705,0.35867616534233093,False,False,False
503,1788037829.770587,242.89017036172987,0.35415366291999817,False,False,False
504,1788037829.809155,242.0479963152464,0.34892538189888,False,False,False
505,1788037829.8427482,240.61407190403577,0.36292093992233276,False,False,False
506,1788037829.8772767,241.0123527188446,0.36434727907180786,False,False,False
507,1788037829.89642,244.57271147219944,0.36346063017845154,False,False,False
508,1788037829.954855,244.65311111734255,0.3649033308029175,False,False,False
509,1788037829.9965396,246.59824847637984,0.3509281575679779,False,False,False
510,1788037830.0351794,247.21821540317325,0.3634323477745056,False,False,False
511,1788037830.0717301,251.25997494655607,0.362732857465744,False,False,False
512,1788037830.107401,248.96423757753692,0.36074864864349365,False,False,False
513,1788037830.15011,247.8240219343579,0.37080323696136475,False,False,False
514,1788037830.2009838,253.05744267312429,0.3662884831428528,False,False,False
515,1788037830.2485702,256.7826873575986,0.36495617032051086,False,False,False
516,1788037830.2859914,259.1683120302592,0.3662991523742676,False,False,False
517,1788037830.304578,259.58883011608873,0.3605915904045105,False,False,False
518,1788037830.3538811,263.8567604213342,0.3558005094528198,False,False,False
519,1788037830.4153676,264.62161687607875,0.3609548807144165,False,False,False
520,1788037830.4558425,265.66407034225676,0.3749927282333374,False,False,False
521,1788037830.5098677,270.4495339666059,0.3626827001571655,False,False,False
522,1788037830.5395195,270.58278353314444,0.3695436418056488,False,False,False
523,1788037830.5897725,269.38023741357335,0.37259626388549805,False,False,False
524,1788037830.6450021,279.51781608527045,0.3858349323272705,False,False,False
525,1788037830.688677,281.61745528799815,0.37367069721221924,False,False,False
526,1788037830.7225688,271.9925691724425,0.396160364151001,False,False,False
527,1788037830.7731702,270.16693849086107,0.38079673051834106,False,False,False
528,1788037830.8134384,256.2146705764062,0.36581987142562866,False,False,False
529,1788037830.8554406,235.98409901753294,0.4716551899909973,False,False,False
530,1788037830.9061127,223.935153978159,0.5284903049468994,False,False,False
531,1788037830.941373,208.809698768315,0.5434459447860718,False,False,False
532,1788037830.9916306,224.2015994636332,0.4996553063392639,False,False,False
533,1788037831.0422573,258.2294939790081,0.46246540546417236,False,False,False
534,1788037831.0927272,262.1636069140396,0.46608614921569824,False,False,False
535,1788037831.143399,259.4620980492364,0.4836968183517456,False,True,True
536,1788037831.1881042,259.11454262799793,0.5317901372909546,False,False,False
537,1788037831.2279315,263.34483289312936,0.5191972851753235,False,False,False
538,1788037831.2782707,276.4651952451471,0.5197965502738953,False,False,False
539,1788037831.3187242,277.96419622674716,0.5117900371551514,False,False,False
540,1788037831.363535,260.98020334264095,0.5271018743515015,False,False,False
541,1788037831.4150436,265.9591427040383,0.5028319954872131,False,False,False
542,1788037831.4519958,258.33872569274826,0.5120744705200195,False,False,False
543,1788037831.4753335,258.31564990100964,0.5169499516487122,False,False,False
544,1788037831.5121236,249.82725432704316,0.5182945132255554,False,False,False
545,1788037831.5507896,257.12900155449256,0.5021930932998657,False,False,False
546,1788037831.6023953,266.073659738425,0.4735645353794098,False,False,False
547,1788037831.6531491,255.03760596178483,0.516154944896698,False,False,False
548,1788037831.7029788,243.31415522275643,0.540016770362854,False,False,False
549,1788037831.7555606,249.94363512302905,0.5425593852996826,False,False,False
550,1788037831.788984,251.86565526107856,0.514471173286438,False,False,False
551,1788037831.8235817,252.71527784204332,0.5034410953521729,False,False,False
552,1788037831.8583758,253.67859263948523,0.49937647581100464,False,False,False
553,1788037831.9029071,275.27167272835027,0.4716448187828064,False,False,False
554,1788037831.9399638,267.86945283444595,0.4440535604953766,False,False,False
555,1788037831.9811285,238.23076341704598,0.523942232131958,False,False,False
556,1788037832.011502,236.21017770084592,0.5472539663314819,False,False,False
557,1788037832.0592809,238.09354206591564,0.5440064668655396,False,False,False
558,1788037832.0934331,246.23807729746716,0.5405744910240173,False,False,False
559,1788037832.127926,249.71094144172542,0.504946231842041,False,False,False
560,1788037832.1777546,257.9803595290887,0.5066812634468079,False,False,False
561,1788037832.227158,267.23198848237706,0.46966493129730225,False,False,False
562,1788037832.278104,258.2778344844444,0.48303768038749695,False,False,False
563,1788037832.3227391,244.18684304163855,0.5388078093528748,False,False,False
564,1788037832.363122,240.61374252605162,0.5403587818145752,False,False,False
565,1788037832.415925,235.535190619382,0.539320707321167,False,False,False
566,1788037832.4479017,236.93725496208535,0.5322904586791992,False,False,False
567,1788037832.4794977,241.14516638967933,0.5202903747558594,False,False,False
568,1788037832.5141633,243.69794672167794,0.5151897072792053,False,False,False
569,1788037832.5477817,244.2661328400076,0.5253724455833435,False,False,False
570,1788037832.581438,235.85726342315863,0.5526168942451477,False,False,False
571,1788037832.632441,241.7076789305085,0.5495110750198364,False,False,False
572,1788037832.6789684,245.97786180087306,0.5306994318962097,False,False,False
573,1788037832.7173622,243.37970523301522,0.5275354981422424,False,False,False
574,1788037832.7678773,254.40119663428925,0.5128864645957947,False,False,False
575,1788037832.826285,265.56065527238184,0.5039262771606445,False,False,False
576,1788037832.8683748,253.73122011765625,0.5059976577758789,False,False,False
577,1788037832.9046097,270.8368293784815,0.4858790934085846,False,False,False
578,1788037832.9213483,254.28806999495765,0.4909723401069641,False,False,False
579,1788037832.9717023,247.07616620794695,0.5170413255691528,False,False,False
580,1788037833.0060713,254.3062851623907,0.49771225452423096,False,False,False
581,1788037833.0429838,250.65282558084368,0.49483776092529297,False,False,False
582,1788037833.092618,255.07762164768639,0.47800299525260925,False,False,False
583,1788037833.1492856,256.9754697236302,0.4761000871658325,False,False,False
584,1788037833.196184,258.3444520438907,0.47800886631011963,False,False,False
585,1788037833.2289684,257.36738634735053,0.4923279285430908,False,False,False
586,1788037833.247837,260.70985226790714,0.49280720949172974,False,False,False
587,1788037833.3070178,259.00690185424185,0.49852821230888367,False,False,False
588,1788037833.3489897,265.8115103555079,0.46937114000320435,False,False,False
589,1788037833.385614,266.39909516354726,0.4654320478439331,False,False,False
590,1788037833.419266,266.9360065821563,0.46246689558029175,False,False,False
591,1788037833.452849,264.1672701305306,0.46052491664886475,False,False,False
592,1788037833.5034356,264.905456819072,0.46824097633361816,False,False,False
593,1788037833.5529304,257.2885810187933,0.25807979702949524,False,False,False
594,1788037833.5885193,235.28746672579814,0.22132103145122528,False,False,False
595,1788037833.6471584,304.9311595416022,0.3718716502189636,False,False,False
601,1788037833.9295151,166.0809436664869,0.527884840965271,False,False,False
602,1788037833.9443054,182.2526464298057,0.46354615688323975,False,False,False
603,1788037833.9946845,210.16997322016326,0.3795241415500641,False,False,False
604,1788037834.0302048,215.29489845129982,0.3600749373435974,False,False,False
605,1788037834.0741138,216.16315420391174,0.3651579022407532,False,False,False
606,1788037834.1134844,223.3289652565849,0.365680992603302,False,True,True
607,1788037834.1628792,219.81450515683196,0.33746057748794556,True,True,True
608,1788037834.1975403,214.2783504541726,0.3344065546989441,True,False,True
609,1788037834.2318058,227.2084137771214,0.3555150330066681,True,False,True
610,1788037834.28265,220.4369229404535,0.33400607109069824,True,False,True
611,1788037834.3160975,216.99713907242503,0.31973108649253845,True,False,True
612,1788037834.3510003,218.20505316732286,0.29630836844444275,False,False,False
613,1788037834.385442,210.8714351289236,0.28742852807044983,False,False,False
614,1788037834.4257383,198.29068219858843,0.25714609026908875,False,False,False
615,1788037834.454425,209.57427091276895,0.3458522856235504,False,False,False
616,1788037834.5052617,211.8801660611716,0.34350985288619995,False,False,False
617,1788037834.5560305,205.10220171694056,0.3261423707008362,False,False,False
618,1788037834.5932074,210.18012845408032,0.29942333698272705,False,False,False
619,1788037834.6386228,220.15280661622248,0.31830739974975586,False,False,False
620,1788037834.6886685,218.10130967324406,0.2849911153316498,False,False,False
621,1788037834.7227256,220.34676301945063,0.28427138924598694,False,False,False
622,1788037834.7565324,218.2840807992543,0.26956936717033386,False,False,False
623,1788037834.8089628,222.95147441281878,0.28581127524375916,False,False,False
624,1788037834.8417532,221.43447574552397,0.26621824502944946,False,False,False
625,1788037834.8817165,221.6032182809486,0.2821657359600067,False,False,False
626,1788037834.93103,230.3620984227434,0.3145434558391571,False,False,False
627,1788037834.959319,231.10362708050337,0.32929691672325134,False,False,False
628,1788037834.9940233,231.67218499194223,0.3230450749397278,False,False,False
629,1788037835.0274794,237.871836146808,0.3655669093132019,False,False,False
630,1788037835.0783489,236.9379907859449,0.4960711598396301,False,False,False
631,1788037835.113051,244.1372723266472,0.5113382935523987,False,False,False
632,1788037835.1647062,241.2617002779516,0.506511390209198,False,True,True
633,1788037835.1994371,246.66678303503735,0.4492924213409424,False,True,True
634,1788037835.2488706,260.92345263743704,0.4773983359336853,False,True,True
635,1788037835.284905,261.0736454243086,0.48087286949157715,False,True,True
636,1788037835.3333611,267.3215431038001,0.5052599906921387,False,True,True
637,1788037835.3673694,268.4489224892103,0.5496984720230103,False,True,True
638,1788037835.4042208,271.2646560492805,0.5285282135009766,False,True,True
639,1788037835.4361806,277.2617371203332,0.5482275485992432,False,True,True
640,1788037835.4936304,269.9551709597475,0.5027845501899719,False,True,True
641,1788037835.5361946,268.3546272005431,0.46239885687828064,False,False,False
642,1788037835.5698495,262.4593058654514,0.40564167499542236,False,False,False
643,1788037835.603486,273.7165452138469,0.4272966980934143,False,False,False
644,1788037835.6536283,271.48488989440887,0.42059406638145447,False,False,False
645,1788037835.6870928,282.4151992738174,0.4790138602256775,False,False,False
646,1788037835.7205493,277.3282509789177,0.5269321203231812,False,False,False
647,1788037835.7542696,273.74482696172817,0.4710848927497864,False,False,False
648,1788037835.7931635,280.7616727809996,0.472601979970932,False,False,False
649,1788037835.8223064,275.6596279728568,0.5357863306999207,False,False,False
650,1788037835.8558981,279.5573410720504,0.5138635635375977,False,False,False
651,1788037835.889693,277.0157011011335,0.48822730779647827,False,False,False
652,1788037835.9407012,273.51207808176895,0.45390748977661133,False,False,False
653,1788037835.975,280.1541323391701,0.43858057260513306,False,False,False
654,1788037836.0323682,271.1938190762802,0.4469137191772461,False,False,False
655,1788037836.083353,285.6350348886932,0.48291993141174316,False,False,False
656,1788037836.1259346,277.000515003305,0.4739032983779907,False,False,False
657,1788037836.1767755,271.33039550098624,0.39839333295822144,False,False,False
658,1788037836.210142,261.52688136718683,0.4520759880542755,False,False,False
659,1788037836.2676978,235.73315963983745,0.43344175815582275,False,False,False
660,1788037836.3097005,153.05503969800426,0.6173253059387207,False,False,False
661,1788037836.3606179,198.58475689710065,0.7934204339981079,False,False,False
662,1788037836.4110065,207.94164818275044,0.5097940564155579,False,False,False
663,1788037836.4499989,224.61905958405853,0.5396829843521118,False,False,False
664,1788037836.4877398,200.7834089587372,0.3813420236110687,False,False,False
665,1788037836.530219,183.573639845188,0.33643248677253723,False,False,False
666,1788037836.5637114,187.5429249843913,0.44909629225730896,False,False,False
667,1788037836.5974069,195.90859609722347,0.45304521918296814,False,False,False
668,1788037836.6311927,206.2355562635255,0.44753456115722656,False,False,False
669,1788037836.6653876,204.96517083757905,0.44351714849472046,False,False,False
670,1788037836.7161438,205.3830811288277,0.3952391743659973,False,False,False
671,1788037836.753376,202.72223224571226,0.4011690020561218,False,False,False
672,1788037836.8084443,206.10145523828345,0.42937105894088745,False,False,False
673,1788037836.8595655,192.2677967680774,0.3838876187801361,False,False,False
674,1788037836.9088845,201.6145619771547,0.4222825765609741,False,False,False
675,1788037836.9586895,199.2507239524808,0.4164813756942749,False,False,False
676,1788037837.0104032,189.46540147268726,0.4194736182689667,False,False,False
677,1788037837.0453825,204.7647344329227,0.41857919096946716,False,False,False
678,1788037837.0786076,206.1913872640584,0.44134053587913513,False,False,False
679,1788037837.136103,201.55583163662956,0.403848260641098,False,False,False
680,1788037837.1783888,203.90509079509877,0.4044318199157715,False,False,False
681,1788037837.2282143,211.5380917940991,0.43249768018722534,False,False,False
682,1788037837.252419,200.49787914617846,0.40152713656425476,False,False,False
683,1788037837.296264,199.9744686690949,0.41075360774993896,False,False,False
684,1788037837.3376367,207.4351224912695,0.4250330328941345,False,False,False
685,1788037837.3662798,201.65742942839017,0.4150063395500183,False,False,False
686,1788037837.416825,204.26589670513457,0.3980728089809418,False,False,False
687,1788037837.4678795,207.54467237638315,0.42868369817733765,False,False,False
688,1788037837.5170422,205.77839509010715,0.3944174647331238,False,False,False
689,1788037837.5516248,208.24955896666887,0.3954324722290039,False,False,False
690,1788037837.6030982,206.7007282020311,0.377715528011322,False,False,False
691,1788037837.6528587,203.2654356421149,0.3700519800186157,False,False,False
692,1788037837.7024932,204.16616351855933,0.3707171380519867,False,False,False
693,1788037837.7535667,200.78864747141694,0.3525255620479584,False,False,False
694,1788037837.7969518,202.8355510096359,0.38460636138916016,False,False,False
695,1788037837.833065,192.49969226869328,0.3175725042819977,False,False,False
696,1788037837.8772097,212.58727851161595,0.37629562616348267,False,False,False
697,1788037837.9057863,214.36504379746506,0.37720274925231934,False,False,False
698,1788037837.9565303,207.46530456172786,0.3248705267906189,False,False,False
699,1788037838.0066311,221.04975218455124,0.3616982102394104,False,False,False
700,1788037838.0258677,227.8598205644378,0.4203856587409973,False,False,False
701,1788037838.0761232,233.76479086474828,0.4099046289920807,False,False,False
702,1788037838.1257591,234.38490872195464,0.39223986864089966,False,False,False
703,1788037838.1610115,242.0493782512589,0.6061666011810303,False,False,False
704,1788037838.210571,237.18044404469305,0.6109657883644104,False,False,False
705,1788037838.2440794,241.32296805490517,0.6054803133010864,False,True,True
706,1788037838.293106,249.16512783731392,0.5614791512489319,False,True,True
707,1788037838.3436046,237.55595300007158,0.5121698975563049,False,True,True
708,1788037838.3941517,264.9947055460464,0.48548924922943115,False,True,True
709,1788037838.424244,299.685482963504,0.5224802494049072,False,False,False
710,1788037838.4624267,311.4193041571953,0.5173215270042419,False,False,False
711,1788037838.5108588,287.25095280448295,0.4731405973434448,False,False,False
712,1788037838.5619228,256.0490988964177,0.5143722891807556,False,False,False
768,1788037841.3205779,212.9087596963184,0.9165753126144409,True,True,True
769,1788037841.3625093,159.87561563771018,0.5697882771492004,True,True,True
770,1788037841.3989356,175.9694319456312,0.522398829460144,True,True,True
771,1788037841.430885,149.06657120070622,0.4976388216018677,True,True,True
772,1788037841.4768093,146.57362718672687,0.5038092732429504,True,True,True
773,1788037841.5116184,135.60053509995467,0.4780813455581665,True,True,True
774,1788037841.5610223,111.17559337963047,0.44514167308807373,True,True,True
775,1788037841.6035516,102.9261855355557,0.4617461860179901,False,False,False
776,1788037841.6460934,110.07476763767687,0.43888038396835327,False,False,False
777,1788037841.6798792,96.93340924552359,0.43256184458732605,False,False,False
778,1788037841.7324371,107.06727059469435,0.43542811274528503,False,False,False
779,1788037841.783168,110.0608189560302,0.44427716732025146,False,False,False
780,1788037841.8337696,105.42465393624238,0.43911540508270264,False,False,False
781,1788037841.8676698,111.72363253416731,0.44219470024108887,False,False,False
782,1788037841.9057078,105.03074996376021,0.4357984960079193,False,False,False
783,1788037841.9382517,109.14965969470319,0.4317821264266968,False,False,False
784,1788037841.975622,109.03992899213692,0.4215233325958252,False,False,False
785,1788037842.0072381,110.48768656637229,0.44054552912712097,False,False,False
786,1788037842.0418403,103.719671892236,0.43938738107681274,False,False,False
787,1788037842.0878491,99.82197952384696,0.4335043728351593,False,False,False
788,1788037842.1313841,99.03669802055815,0.4377792477607727,False,False,False
789,1788037842.17493,101.4902414666711,0.4423210322856903,False,False,False
790,1788037842.2251978,109.16110102445427,0.44651323556900024,False,False,False
791,1788037842.242723,104.49841898853337,0.44089430570602417,False,False,False
792,1788037842.2928274,109.94344466346736,0.4410371780395508,False,False,False
793,1788037842.3277779,107.06659200714083,0.4331279993057251,False,False,False
794,1788037842.361238,111.78959778074537,0.4394422769546509,False,False,False
795,1788037842.40114,110.04572503175613,0.44140636920928955,False,False,False
796,1788037842.4293418,105.16313272791702,0.43730664253234863,False,False,False
797,1788037842.4640996,119.45209141260457,0.4390155076980591,False,False,False
798,1788037842.501334,109.79890914555705,0.4357070028781891,False,False,False
799,1788037842.5327134,115.67236753945731,0.4394380450248718,False,False,False
800,1788037842.582127,114.54346107146009,0.4483681917190552,False,False,False
801,1788037842.6317227,116.4299508476371,0.44507938623428345,False,False,False
802,1788037842.6651359,116.6147496042952,0.447681188583374,False,False,False
803,1788037842.7154517,122.47614995355669,0.4500190317630768,False,False,False
804,1788037842.7336655,115.57722928782847,0.4415982961654663,False,False,False
805,1788037842.7833285,102.34752923509684,0.4519306421279907,False,False,False
806,1788037842.8322382,114.86997920132129,0.4474174380302429,False,False,False
807,1788037842.907045,113.63855549680274,0.44994282722473145,False,False,False
808,1788037842.942683,97.54040746202917,0.4537124037742615,False,False,False
809,1788037842.9750803,123.68320338800828,0.4518628716468811,False,False,False
810,1788037843.0263116,116.63591093969602,0.4529246985912323,False,False,False
811,1788037843.0614364,113.11493160896799,0.4514351487159729,False,False,False
812,1788037843.1120443,120.2648555326465,0.4455333650112152,False,False,False
813,1788037843.1689987,123.92618168337924,0.4403528571128845,False,False,False
814,1788037843.2121873,108.15537781948143,0.4390605688095093,False,False,False
815,1788037843.2457616,113.72220672905051,0.4520782232284546,False,False,False
816,1788037843.2793288,130.41728561396397,0.443916916847229,False,False,False
817,1788037843.31288,121.56225967166559,0.44018125534057617,False,False,False
818,1788037843.345987,144.14949522115293,0.44067898392677307,False,False,False
819,1788037843.3798776,145.42331107741924,0.43534529209136963,False,False,False
820,1788037843.41309,133.96576339989764,0.4407476782798767,False,False,False
821,1788037843.4627094,134.0126538755196,0.43011683225631714,False,False,False
822,1788037843.5122437,139.99922982145983,0.4297836422920227,False,False,False
823,1788037843.5459158,134.1917709664426,0.4288347661495209,False,False,False
824,1788037843.5832033,141.08003440822952,0.4240518808364868,False,False,False
825,1788037843.6298165,138.29925718669017,0.4190952479839325,False,False,False
826,1788037843.6894085,145.61675947728466,0.4327048659324646,False,False,False
827,1788037843.729414,140.92064252055087,0.43583589792251587,False,False,False
828,1788037843.7865434,160.38860654147032,0.4226374626159668,False,False,False
829,1788037843.814855,153.17235484329225,0.42512303590774536,False,False,False
830,1788037843.8658793,152.47846595230664,0.41486936807632446,False,False,False
831,1788037843.9245098,151.74707569393655,0.4090139865875244,False,False,False
832,1788037843.967125,150.98511330918677,0.40013387799263,False,False,False
833,1788037844.0175955,151.10284458131005,0.40732619166374207,False,False,False
834,1788037844.054454,159.70135271990392,0.40974119305610657,False,False,False
835,1788037844.0842664,149.7989001334103,0.42227742075920105,False,False,False
836,1788037844.1348374,162.88390719177508,0.44278889894485474,False,False,False
837,1788037844.1682656,157.6465056341265,0.4380541145801544,False,False,False
838,1788037844.2039995,133.96208696031084,0.4371516704559326,False,False,False
839,1788037844.2620943,127.8831569148766,0.43280935287475586,False,False,False
840,1788037844.308373,175.18763813453165,0.4060066342353821,False,False,False
841,1788037844.355558,163.25743135260257,0.3637707233428955,False,False,False
842,1788037844.3861802,143.37954527368362,0.5062618255615234,False,False,False
960,1788037850.0519316,107.81646718372413,0.239589124917984,True,True,True
961,1788037850.0910482,126.67587148873733,0.30381831526756287,True,True,True
962,1788037850.1235087,135.44387132749713,0.3211970329284668,True,True,True
963,1788037850.1539543,130.62826867478893,0.32125481963157654,True,True,True
964,1788037850.1784353,124.009904430106,0.29466313123703003,True,True,True
965,1788037850.2267115,117.88142798879159,0.2871169149875641,True,True,True
966,1788037850.262929,114.71397151045522,0.27940958738327026,True,True,True
967,1788037850.29475,114.25117560142398,0.2853086590766907,False,True,True
968,1788037850.3205624,110.05895183818724,0.27547699213027954,False,False,False
969,1788037850.363879,112.11695241160271,0.2804306149482727,False,False,False
970,1788037850.397689,121.7372679430305,0.337968647480011,False,True,True
971,1788037850.4322734,123.78690058104141,0.374119371175766,True,True,True
972,1788037850.466656,115.97861226899174,0.33754730224609375,True,True,True
973,1788037850.5209696,110.14306361244633,0.3119954466819763,False,True,True
974,1788037850.5497897,105.5336254393083,0.3118880093097687,False,False,False
975,1788037850.583224,109.85592851722238,0.3118213415145874,False,False,False
976,1788037850.633393,111.90504669086883,0.299253910779953,False,False,False
977,1788037850.6681268,112.59120185454672,0.3047528862953186,False,False,False
978,1788037850.7024927,115.89890829149985,0.31713712215423584,False,False,False
979,1788037850.7600758,116.6038342203841,0.30102598667144775,False,False,False
980,1788037850.8013766,120.75362802952604,0.3091334402561188,False,False,False
981,1788037850.8350508,116.14121452714761,0.3173227608203888,False,False,False
982,1788037850.8697224,116.4702364694048,0.3129257261753082,False,False,False
983,1788037850.9423854,119.67501040668732,0.3191838264465332,False,False,False
984,1788037850.9763367,120.35974397763019,0.31305381655693054,False,False,False
985,1788037851.0111854,108.22386230248114,0.3090110421180725,False,False,False
986,1788037851.0619316,110.80227497473528,0.3113439381122589,False,False,False
987,1788037851.1166914,111.32148903444926,0.31218066811561584,False,False,False
988,1788037851.1508565,112.83974285691966,0.3013657331466675,False,False,False
989,1788037851.1859145,109.94684421655327,0.2961609661579132,False,False,False
990,1788037851.2223659,109.32218707912362,0.30915701389312744,False,False,False
991,1788037851.252754,111.07807323018345,0.3034467101097107,False,False,False
992,1788037851.2873414,111.43611213959645,0.30669650435447693,False,False,False
993,1788037851.3165789,114.23677428370038,0.31197360157966614,False,False,False
994,1788037851.3588943,111.5720824116702,0.31060630083084106,False,False,False
995,1788037851.3883822,115.96585607262227,0.3071771264076233,False,False,False
996,1788037851.4229345,111.0141005598399,0.30069059133529663,False,False,False
997,1788037851.4781597,112.50981616854396,0.30344003438949585,False,False,False
998,1788037851.5269856,116.93963503995805,0.29960307478904724,False,False,False
999,1788037851.557456,111.33013655973448,0.3034324645996094,False,False,False
1000,1788037851.6126041,119.01778451425899,0.3036886751651764,False,False,False
1001,1788037851.6571212,121.45659399553665,0.3082788586616516,False,False,False
1002,1788037851.7079794,124.42292717010457,0.3197019398212433,False,False,False
1003,1788037851.7412949,112.05880378220543,0.3127272427082062,False,False,False
1004,1788037851.7838461,121.77218051368216,0.3199184536933899,False,False,False
1005,1788037851.8265648,119.11410541576315,0.32630762457847595,False,False,False
1006,1788037851.876385,126.84521080406401,0.31900715827941895,False,False,False
1007,1788037851.9358685,131.0826039593462,0.3293358385562897,False,False,False
1008,1788037851.9832182,127.19885266845719,0.3227332532405853,False,False,False
1009,1788037852.0260427,135.74685256130934,0.3182203769683838,False,False,False
1010,1788037852.0597587,125.09982867629076,0.32905149459838867,False,False,False
1011,1788037852.1092188,120.40129948281653,0.3290923833847046,False,False,False
1012,1788037852.1662338,137.7765175920575,0.33298420906066895,False,False,False
1013,1788037852.2103677,128.59895159454115,0.3240223526954651,False,False,False
1014,1788037852.2613614,149.8782507582061,0.3366464674472809,False,False,False
1015,1788037852.296341,142.9698550779818,0.3355408310890198,False,False,False
1016,1788037852.3462281,140.6254658255179,0.33267882466316223,False,False,False
1017,1788037852.403938,155.51230705276427,0.3433520495891571,False,False,False
1018,1788037852.4504483,156.03605379968172,0.346721887588501,False,False,False
1019,1788037852.4813943,147.6163168787295,0.3469880223274231,False,False,False
1020,1788037852.5252757,146.1095408495757,0.33833691477775574,False,False,False
1021,1788037852.56588,165.5899380677179,0.35075128078460693,False,False,False
1022,1788037852.586419,163.80809100396974,0.3516179621219635,False,False,False
1023,1788037852.6344426,167.25940021110034,0.3492635488510132,False,False,False
1024,1788037852.6676898,155.5261818221832,0.3468213379383087,False,False,False
1025,1788037852.717989,161.96858585007382,0.348089337348938,False,False,False
1026,1788037852.7604184,155.89517420570553,0.344613254070282,False,False,False
1027,1788037852.8138084,150.75773635847887,0.3519033193588257,False,False,False
1028,1788037852.8515687,168.720473609986,0.35932546854019165,False,False,False
1029,1788037852.9024725,157.26979619467582,0.3562971353530884,False,False,False
1030,1788037852.9364145,151.48831467472746,0.3521679937839508,False,False,False
1031,1788037852.9968798,155.79432329662995,0.35107916593551636,False,False,False
1032,1788037853.037653,152.21989652238238,0.352338582277298,False,False,False
1033,1788037853.0957568,152.09047757169463,0.3445229232311249,False,False,False
1034,1788037853.146275,158.0867045570921,0.3483186662197113,False,False,False
1035,1788037853.188939,159.56802311919066,0.3456015884876251,False,False,False
1036,1788037853.2385948,164.0768602293779,0.3504619598388672,False,False,False
1037,1788037853.2722814,157.55350985207193,0.33905765414237976,False,False,False
1038,1788037853.3071878,162.17271318211988,0.34479713439941406,False,False,False
1039,1788037853.3578525,165.18502609925793,0.3509730100631714,False,False,False
1040,1788037853.4095209,160.81466348789593,0.3487031161785126,False,False,False
1041,1788037853.4666858,162.36570850673215,0.3502759337425232,False,False,False
1042,1788037853.5095236,164.46116609972609,0.3469234108924866,False,False,False
1043,1788037853.575062,162.4339188682522,0.3492322564125061,False,False,False
1044,1788037853.6301458,166.32742013216657,0.3413326144218445,False,False,False
1045,1788037853.6735458,167.98484657173103,0.33913108706474304,False,False,False
1046,1788037853.7081337,165.70373612931846,0.3502196967601776,False,False,False
1047,1788037853.767067,166.55192994877953,0.350078284740448,False,False,False
1048,1788037853.8119407,163.4078718124106,0.3440512716770172,False,False,False
1049,1788037853.8466742,169.81510229994265,0.34461167454719543,False,False,False
1050,1788037853.8775518,166.13488037045917,0.3463886082172394,False,False,False
1051,1788037853.934673,165.6731896071119,0.3430796265602112,False,False,False
1052,1788037853.977376,159.0915025954506,0.33625221252441406,False,False,False
1053,1788037854.02897,135.74580816811343,0.32758209109306335,False,False,False
1054,1788037854.0793283,120.67582941579587,0.31676360964775085,False,False,False
1055,1788037854.132854,112.3334105054815,0.24901777505874634,False,False,False
1056,1788037854.1636207,87.64022159690921,0.17294439673423767,False,False,False
1099,1788037856.134177,104.68939822421626,0.315061092376709,True,True,True
1100,1788037856.1889567,114.71710347124564,0.3670285642147064,True,True,True
1101,1788037856.2346346,126.19523458764901,0.40813905000686646,True,True,True
1102,1788037856.2819755,123.19100776297888,0.41591599583625793,True,True,True
1103,1788037856.316537,119.92140359499501,0.4170742630958557,True,True,True
1104,1788037856.3659213,110.67385634495433,0.41487520933151245,True,True,True
1105,1788037856.3996546,107.51890297120525,0.41873472929000854,True,True,True
1106,1788037856.4352114,111.27998950787143,0.42966076731681824,False,True,True
1107,1788037856.4840393,115.92267891696295,0.4426134526729584,False,True,True
1108,1788037856.5351198,113.11475785500069,0.42906349897384644,False,True,True
1109,1788037856.5860827,115.59857717924167,0.43868759274482727,False,True,True
1110,1788037856.6354532,116.07169875666287,0.4506586790084839,True,True,True
1111,1788037856.6972933,117.21298958748828,0.4429072141647339,True,True,True
1112,1788037856.7466366,115.370193031245,0.43188726902008057,True,True,True
1113,1788037856.806865,108.49925016885119,0.4261844754219055,False,False,False
1114,1788037856.8476603,108.6304623221394,0.4335786700248718,False,False,False
1115,1788037856.8844104,104.2186697164742,0.43539687991142273,False,False,False
1116,1788037856.916203,103.39864802826273,0.4327419102191925,False,False,False
1117,1788037856.9509962,103.04958516957215,0.433462917804718,False,False,False
1118,1788037856.9859207,101.13429873175414,0.43168365955352783,False,False,False
1119,1788037857.019882,102.75066400838524,0.4357229769229889,False,False,False
1120,1788037857.0531857,102.23392553820138,0.4333072304725647,False,False,False
1121,1788037857.1035845,102.56536739650515,0.42922234535217285,False,False,False
1122,1788037857.1569989,103.5362307908379,0.4303359389305115,False,False,False
1123,1788037857.1885552,102.7708124065264,0.4313780665397644,False,False,False
1124,1788037857.2385483,102.11511039755189,0.42671141028404236,False,False,False
1125,1788037857.2736428,102.78478933958537,0.4251905679702759,False,False,False
1126,1788037857.3233523,102.83816696330234,0.4297252297401428,False,False,False
1127,1788037857.3731709,102.19897859615452,0.42524200677871704,False,False,False
1128,1788037857.424178,102.538532990054,0.4266743063926697,False,False,False
1129,1788037857.442737,103.27907262857848,0.42758968472480774,False,False,False
1130,1788037857.4921625,103.85882498596543,0.42836523056030273,False,False,False
1131,1788037857.5224528,104.52810329699118,0.43024927377700806,False,False,False
1132,1788037857.560142,105.36428442907966,0.42931872606277466,False,False,False
1133,1788037857.5943341,105.50917187866709,0.424956351518631,False,False,False
1134,1788037857.6328409,106.17745541848214,0.42472928762435913,False,False,False
1135,1788037857.6612937,106.63195261970591,0.4283512234687805,False,False,False
1136,1788037857.6966443,105.55545649207627,0.4246560335159302,False,False,False
1137,1788037857.716892,106.38872410586012,0.4291670322418213,False,False,False
1138,1788037857.7635567,107.32919735561852,0.4265884757041931,False,False,False
1139,1788037857.797102,107.66586077709974,0.4227994680404663,False,False,False
1140,1788037857.8374248,107.20673533349601,0.42166978120803833,False,False,False
1141,1788037857.8768172,107.06504754882336,0.41705650091171265,False,False,False
1142,1788037857.9162195,107.18562594804432,0.4113161563873291,False,False,False
1143,1788037857.950735,108.99910027770505,0.41263246536254883,False,False,False
1144,1788037857.9887204,114.75967417664928,0.418649822473526,False,False,False
1145,1788037858.0375373,115.86645480994936,0.41389304399490356,False,False,False
1146,1788037858.0852382,117.72560109035034,0.41763588786125183,False,False,False
1147,1788037858.1378875,120.19275748938216,0.4175206124782562,False,False,False
1148,1788037858.1903625,122.14054585053923,0.4186071753501892,False,False,False
1149,1788037858.2126179,123.50925165899632,0.418037474155426,False,False,False
1150,1788037858.2556038,125.18024791538586,0.4196122884750366,False,False,False
1151,1788037858.2917259,126.82972094325704,0.41844093799591064,False,False,False
1152,1788037858.31941,128.69465879381195,0.418188214302063,False,False,False
1153,1788037858.3779569,129.62902757508144,0.41928917169570923,False,False,False
1154,1788037858.4263155,131.17380543432813,0.41412240266799927,False,False,False
1155,1788037858.472592,138.31369290691256,0.4188815951347351,False,False,False
1156,1788037858.504327,139.23618955755205,0.41269782185554504,False,False,False
1157,1788037858.5391593,139.99260057224203,0.4109814167022705,False,False,False
1158,1788037858.5887048,140.79941677027725,0.40815073251724243,False,False,False
1159,1788037858.623171,142.04997592154675,0.40924203395843506,False,False,False
1160,1788037858.6565006,142.79436280743593,0.40967315435409546,False,False,False
1161,1788037858.6898508,143.71505563249087,0.4058569073677063,False,False,False
1162,1788037858.7394578,145.82055491789436,0.4065939784049988,False,False,False
1163,1788037858.7891548,147.12993109515506,0.4028465151786804,False,False,False
1164,1788037858.8398454,149.26174448879587,0.399300754070282,False,False,False
1165,1788037858.881063,151.69632909691168,0.40055322647094727,False,False,False
1166,1788037858.9234555,152.9162982149024,0.3995414972305298,False,False,False
1167,1788037858.957119,154.24395765637112,0.3965609073638916,False,False,False
1168,1788037859.006514,156.80868785546753,0.4068336486816406,False,False,False
1169,1788037859.0405493,156.6819285781868,0.39587658643722534,False,False,False
1170,1788037859.0912297,156.91358409981407,0.39307111501693726,False,False,False
1171,1788037859.1410558,157.73528400771056,0.3959922790527344,False,False,False
1172,1788037859.1921198,158.34766875389454,0.39947056770324707,False,False,False
1173,1788037859.2314315,158.4759049178699,0.3961765170097351,False,False,False
1174,1788037859.2764945,159.00266635437714,0.39711689949035645,False,False,False
1175,1788037859.3112652,159.32465361589414,0.3998204171657562,False,False,False
1176,1788037859.3459713,159.24368469825018,0.3991101086139679,False,False,False
1177,1788037859.402898,163.36006930767135,0.3963046073913574,False,False,False
1178,1788037859.4496927,165.46113158362834,0.3962447941303253,False,False,False
1179,1788037859.4793613,167.17210092491752,0.39460939168930054,False,False,False
1180,1788037859.5295835,169.08377906936923,0.39478373527526855,False,False,False
1181,1788037859.5643187,168.7216644803976,0.3975140452384949,False,False,False
1182,1788037859.5998015,168.06597370711128,0.4000459313392639,False,False,False
1183,1788037859.6580205,167.6511219348056,0.39586198329925537,False,False,False
1184,1788037859.700908,168.6444209578084,0.38842421770095825,False,False,False
1185,1788037859.7421086,169.55128693090438,0.39685651659965515,False,False,False
1186,1788037859.7847521,167.16683879981852,0.4011944830417633,False,False,False
1187,1788037859.8189692,164.57367779061718,0.40153202414512634,False,False,False
1188,1788037859.8535733,164.6417829125461,0.3884772062301636,False,False,False
1189,1788037859.904149,166.86835983108222,0.38454702496528625,False,False,False
1190,1788037859.942536,169.2611880415408,0.3834402561187744,False,False,False
1191,1788037859.988399,170.8476445792901,0.38792747259140015,False,False,False
1192,1788037860.043034,170.5878626637207,0.395765483379364,False,False,False
1193,1788037860.0900493,167.7530381955216,0.39743363857269287,False,False,False
1194,1788037860.1239066,164.64683887688184,0.38994866609573364,False,False,False
1195,1788037860.155793,166.42828764091166,0.3839804530143738,False,False,False
1196,1788037860.1909795,169.4271976738899,0.39061659574508667,False,False,False
1197,1788037860.2434015,167.339255321003,0.40418165922164917,False,False,False
1198,1788037860.2752192,162.97837364696022,0.3932247459888458,False,False,False
1199,1788037860.330013,163.74952076905504,0.3842390179634094,False,False,False
1200,1788037860.375506,161.5910008909833,0.3848262429237366,False,False,False
1201,1788037860.4247923,162.30028716612028,0.369726300239563,False,False,False
1202,1788037860.4642258,164.08564462015414,0.363858163356781,False,False,False
1203,1788037860.4930766,166.92122641184955,0.38440608978271484,False,False,False
1204,1788037860.52723,165.51506408752792,0.39432206749916077,False,False,False
1205,1788037860.577614,163.15964848272682,0.3833088278770447,False,False,False
1206,1788037860.6128743,165.06256743764527,0.3728470802307129,False,False,False
1207,1788037860.645476,167.1266336764584,0.35984113812446594,False,False,False
1208,1788037860.6804013,170.10469899153884,0.3877341151237488,False,False,False
1209,1788037860.715217,164.7171638414478,0.3979077935218811,False,False,False
1210,1788037860.744555,161.10628622140578,0.3762882947921753,False,False,False
1211,1788037860.7834969,162.93923509332626,0.35690009593963623,False,False,False
1212,1788037860.8327906,165.84899724682322,0.35362598299980164,False,False,False
1213,1788037860.8832219,168.17111471282496,0.4005870819091797,False,False,False
1214,1788037860.9332423,159.81273955004153,0.35624176263809204,False,False,False
1215,1788037860.9696968,159.892856364395,0.41360560059547424,False,False,False
1216,1788037861.0181193,149.43493111782948,0.3976290822029114,False,False,False
1217,1788037861.068447,149.40893573140983,0.3698672354221344,False,False,False
1218,1788037861.1027975,153.8913975682273,0.3508802652359009,False,False,False
1219,1788037861.1457462,156.7380196901768,0.3809501528739929,False,False,False
1220,1788037861.1882887,151.47817848913044,0.42322373390197754,False,False,False
1221,1788037861.2459853,146.36709296594807,0.4012468159198761,False,False,False
1222,1788037861.288961,150.44121279111235,0.3849901854991913,False,False,False
1223,1788037861.3462436,147.04765017803282,0.39371854066848755,False,False,False
1224,1788037861.3910582,149.761029432177,0.3807221055030823,False,False,False
1225,1788037861.428009,150.57701721613313,0.41772812604904175,False,False,False
1226,1788037861.4596257,145.70738341197207,0.39919090270996094,False,False,False
1227,1788037861.4925513,147.70248872166954,0.38109755516052246,False,False,False
1228,1788037861.5293288,149.92378368352868,0.3629218637943268,False,False,False
1229,1788037861.5587091,150.62636766626736,0.4085325002670288,False,False,False
1230,1788037861.5925915,146.4187184123705,0.4046085774898529,False,False,False
1231,1788037861.6269476,145.77144556935076,0.3840320110321045,False,False,False
1232,1788037861.6691616,147.90896236365333,0.3733713626861572,False,False,False
1233,1788037861.718778,149.6750163994402,0.38941535353660583,False,False,False
1234,1788037861.7611997,152.89491329755975,0.4282507300376892,False,False,False
1235,1788037861.812015,149.76253824240993,0.3833000063896179,False,False,False
1236,1788037861.8664937,152.05077773490441,0.3341631293296814,False,False,False
1237,1788037861.8968236,159.43826645071732,0.24744214117527008,False,False,False
1238,1788037861.9471016,138.13431570335817,0.26708412170410156,False,False,False
1239,1788037861.997753,131.13104506050757,0.26787030696868896,False,False,False
1240,1788037862.0320306,133.50318405405716,0.26822295784950256,False,False,False
1241,1788037862.0648434,129.3670544931545,0.2727566957473755,False,False,False
1242,1788037862.1160207,126.93212703082737,0.28032660484313965,False,False,False
1243,1788037862.1733415,124.50466493768168,0.25258269906044006,False,False,False
1244,1788037862.226179,128.43191307310656,0.23609955608844757,False,False,False
1245,1788037862.2666771,136.3903383276594,0.23706397414207458,False,False,False
1246,1788037862.3073163,137.88630469389832,0.2179875373840332,False,False,False
1247,1788037862.351988,132.05714043711558,0.2132253348827362,False,False,False
1248,1788037862.386474,133.0469588861809,0.21629095077514648,False,False,False
1249,1788037862.4371474,130.78006558229737,0.21354299783706665,False,False,False
1250,1788037862.4720998,129.78711394293416,0.21212109923362732,False,False,False
1251,1788037862.521426,129.95761443231407,0.21208684146404266,False,False,False
1252,1788037862.5725002,132.41162708678416,0.2181568741798401,False,False,False
1253,1788037862.6073847,129.9199531106287,0.21202589571475983,False,False,False
1254,1788037862.6446822,132.6853371957896,0.22233456373214722,False,False,False
1255,1788037862.6902955,131.9978905794104,0.23156484961509705,False,False,False
1256,1788037862.742751,145.32965473887015,0.3326426148414612,False,False,False
1257,1788037862.777445,155.0936113231547,0.25519031286239624,False,False,False
1258,1788037862.8119438,164.88604084277168,0.1682157963514328,False,False,False
1259,1788037862.8499904,169.6218120414709,0.1978984773159027,False,False,False
1260,1788037862.882336,172.89842144938328,0.17985491454601288,False,False,False
1261,1788037862.8988667,175.77359703978954,0.1679929792881012,False,False,False
1262,1788037862.950449,174.73834045040851,0.1850910484790802,False,False,False
1263,1788037862.998853,174.46540143802028,0.21393389999866486,True,False,True
1264,1788037863.0367715,170.18417381812554,0.2174779772758484,True,False,True
1265,1788037863.068353,171.87857412155583,0.2213285267353058,True,False,True
1266,1788037863.1196394,171.816406734193,0.23200319707393646,False,False,False
1267,1788037863.1655443,169.98660554785258,0.23309002816677094,False,False,False
1268,1788037863.203714,168.09320989039725,0.2272454798221588,False,False,False
1269,1788037863.2533066,168.10802682686273,0.22764325141906738,False,False,False
1270,1788037863.2858393,168.38504565938632,0.22864410281181335,False,False,False
1271,1788037863.3206725,167.88806426003893,0.23119297623634338,False,False,False
1272,1788037863.3536944,167.90666185129683,0.22825080156326294,False,False,False
1273,1788037863.4045343,166.85696134348595,0.22831782698631287,False,False,False
1274,1788037863.4539726,162.8999147666098,0.22892287373542786,False,False,False
1275,1788037863.4902916,161.01026419457702,0.21842899918556213,False,False,False
1276,1788037863.5216973,162.6780011683381,0.2189638912677765,False,False,False
1277,1788037863.5738537,163.7682478019041,0.21683907508850098,False,False,False
1278,1788037863.6063929,165.8609613316149,0.22109556198120117,False,False,False
1279,1788037863.6618316,167.61411292688123,0.24034295976161957,False,False,False
1280,1788037863.7083158,170.1958689004571,0.2439097911119461,False,False,False
1281,1788037863.724715,172.8427144626476,0.2545139789581299,False,False,False
1282,1788037863.7755322,177.3278562480257,0.2623661160469055,False,False,False
1283,1788037863.809016,181.20636865472497,0.26742440462112427,False,False,False
1284,1788037863.840527,180.09790720833576,0.2016986608505249,False,False,False
1285,1788037863.8792295,194.72060528971622,0.21053358912467957,False,False,False
1286,1788037863.9301424,152.78209997480187,0.2792220115661621,False,False,False
1287,1788037863.9636517,162.76508928715833,0.24009723961353302,False,False,False
1288,1788037864.020779,183.38384200037893,0.2569252848625183,False,False,False
1289,1788037864.065792,196.66724282808627,0.28542035818099976,False,False,False
1290,1788037864.1162384,201.19118968688295,0.28547054529190063,False,False,False
1291,1788037864.15283,201.66084758485385,0.28677815198898315,False,False,False
1292,1788037864.1846046,200.68204082985676,0.2820886969566345,False,False,False
1293,1788037864.2272427,200.89392796282013,0.2771713435649872,False,False,False
1294,1788037864.2691405,202.05050245776056,0.27936461567878723,False,False,False
1295,1788037864.3274589,202.8672577663083,0.2804524004459381,False,False,False
1296,1788037864.3690555,200.39119684100677,0.2712290287017822,False,False,False
1297,1788037864.418825,199.20155977130972,0.2673548460006714,False,False,False
1298,1788037864.4537814,197.73628572356563,0.2749568819999695,False,False,False
1299,1788037864.4886026,197.79105977349928,0.2727152109146118,False,False,False
1300,1788037864.5378425,193.28947531893496,0.26058948040008545,False,False,False
1301,1788037864.5954425,188.1408991975921,0.26160234212875366,False,False,False
1302,1788037864.621225,183.62024447364522,0.27614009380340576,False,False,False
1303,1788037864.6713498,188.71232542685632,0.25742238759994507,False,False,False
1304,1788037864.7218256,204.27347993427892,0.24610179662704468,False,False,False
1305,1788037864.7815318,150.69695871686673,0.3715783357620239,False,False,False
1306,1788037864.8210785,138.58378685728562,0.44600701332092285,False,False,False
1307,1788037864.8544347,137.22750405660017,0.43261170387268066,False,False,False
1308,1788037864.8938181,131.48321605370052,0.45252907276153564,False,True,True
1309,1788037864.9304986,133.72966953614628,0.459663987159729,False,True,True
1310,1788037864.9787178,135.4418053990886,0.4245937466621399,False,True,True
1311,1788037865.008005,135.06043297186113,0.42323678731918335,False,True,True
1312,1788037865.0417066,131.11804644599567,0.4352668821811676,False,True,True
1313,1788037865.0753515,130.18335090941588,0.4399086833000183,False,False,False
1314,1788037865.111246,132.57113805905104,0.43652817606925964,False,False,False
1315,1788037865.1317902,134.33223397247244,0.4310482144355774,False,False,False
1316,1788037865.1855562,134.22050535212293,0.4312109351158142,False,False,False
1317,1788037865.213904,133.25946113796172,0.4282037913799286,False,False,False
1318,1788037865.255416,132.9983922054801,0.42534756660461426,False,False,False
1319,1788037865.2938342,132.7416123895217,0.426223486661911,False,False,False
1320,1788037865.3282707,133.2211095768002,0.4239843487739563,False,False,False
1321,1788037865.3626752,134.95034158561623,0.41818875074386597,False,False,False
1322,1788037865.396621,135.956078889821,0.4151788353919983,False,False,False
1323,1788037865.4314744,137.484465542938,0.41321083903312683,False,False,False
1324,1788037865.4819522,140.7091298660511,0.404767245054245,False,False,False
1325,1788037865.5390232,145.3470179290279,0.3977730870246887,False,False,False
1326,1788037865.5827386,150.1595105047333,0.3869629502296448,False,False,False
1327,1788037865.6339474,177.10399907806143,0.3017596900463104,False,False,False
1328,1788037865.6697648,186.5916503978183,0.23665054142475128,False,False,False
1337,1788037866.114394,171.2160239021993,0.2559320330619812,False,False,False
1338,1788037866.1478922,134.57160829494353,0.3131381571292877,False,False,False
1360,1788037867.1600945,173.57335878066567,0.22895687818527222,True,True,True
1386,1788037868.3051133,203.51687180652357,0.403165340423584,True,True,True
1387,1788037868.3397498,198.60375102061764,0.29229500889778137,True,True,True
1388,1788037868.362321,207.1243272596833,0.2720692753791809,True,True,True
1389,1788037868.409041,205.13851623130478,0.2664753496646881,True,True,True
1390,1788037868.462514,205.5565320716865,0.25624778866767883,True,True,True
1391,1788037868.510661,218.09614645508663,0.28929874300956726,True,True,True
1392,1788037868.5627844,206.5442821778632,0.27882054448127747,True,True,True
1393,1788037868.6098843,209.44424591350224,0.27906155586242676,True,False,True
1394,1788037868.6631105,210.78919305504274,0.293801486492157,True,True,True
1395,1788037868.7101007,216.93462429154783,0.3126797676086426,True,True,True
1396,1788037868.7635484,216.64917277465491,0.3065478205680847,True,True,True
1397,1788037868.797093,215.7738444604464,0.3073897063732147,True,True,True
1398,1788037868.8435075,218.09580893881272,0.309007853269577,True,True,True
1399,1788037868.8942215,218.52133649164534,0.30836915969848633,True,True,True
1400,1788037868.9447098,221.4242856515771,0.3132115304470062,False,False,False
1401,1788037868.9953983,221.91605569342946,0.30942678451538086,False,False,False
1402,1788037869.029022,222.70970306028636,0.3091788589954376,False,False,False
1403,1788037869.0785015,221.80485496211708,0.30348116159439087,False,False,False
1404,1788037869.1127868,224.8504281029355,0.30658674240112305,False,False,False
1405,1788037869.1651852,226.25451870074988,0.30423426628112793,False,False,False
1406,1788037869.1956816,227.13453475004337,0.31044501066207886,False,False,False
1407,1788037869.258637,229.59711099881085,0.3182923197746277,False,False,False
1408,1788037869.2963738,222.7416396067423,0.2885189652442932,False,False,False
1409,1788037869.3186636,223.91380489209487,0.30602020025253296,False,False,False
1544,1788037875.6206286,404.109003794763,0.24921870231628418,True,True,True
